fid,row_index,col_index,経度,緯度,park_name
1,25,5,139.361141139721,35.6052804851681,小山内裏公園
2,26,5,139.361142198861,35.6051002146616,小山内裏公園
3,24,6,139.361360819745,35.6054616204434,小山内裏公園
4,25,6,139.361361878399,35.6052813499366,小山内裏公園
5,26,6,139.361362937044,35.6051010794245,小山内裏公園
6,27,6,139.361363995679,35.6049208089069,小山内裏公園
7,28,6,139.361365054305,35.6047405383839,小山内裏公園
8,29,6,139.361366112921,35.6045602678554,小山内裏公園
9,30,6,139.361367171528,35.6043799973216,小山内裏公園
10,31,6,139.361368230126,35.6041997267822,小山内裏公園
11,32,6,139.361369288714,35.6040194562375,小山内裏公園
12,33,6,139.361370347292,35.6038391856873,小山内裏公園
13,24,7,139.361581558928,35.6054624848133,小山内裏公園
14,25,7,139.361582617087,35.6052822143008,小山内裏公園
15,26,7,139.361583675236,35.605101943783,小山内裏公園
16,27,7,139.361584733376,35.6049216732597,小山内裏公園
17,28,7,139.361585791507,35.604741402731,小山内裏公園
18,29,7,139.361586849628,35.6045611321968,小山内裏公園
19,30,7,139.36158790774,35.6043808616572,小山内裏公園
20,31,7,139.361588965843,35.6042005911122,小山内裏公園
21,32,7,139.361590023936,35.6040203205618,小山内裏公園
22,33,7,139.36159108202,35.6038400500059,小山内裏公園
23,23,8,139.361801240447,35.6056436192916,小山内裏公園
24,24,8,139.36180229812,35.6054633487789,小山内裏公園
25,25,8,139.361803355784,35.6052830782607,小山内裏公園
26,26,8,139.361804413438,35.6051028077372,小山内裏公園
27,27,8,139.361805471083,35.6049225372082,小山内裏公園
28,28,8,139.361806528719,35.6047422666737,小山内裏公園
29,29,8,139.361807586345,35.6045619961339,小山内裏公園
30,30,8,139.361808643962,35.6043817255886,小山内裏公園
31,31,8,139.361809701569,35.6042014550378,小山内裏公園
32,32,8,139.361810759167,35.6040211844817,小山内裏公園
33,33,8,139.361811816756,35.6038409139201,小山内裏公園
34,22,9,139.362020922956,35.6058247533716,小山内裏公園
35,23,9,139.362021980143,35.6056444828586,小山内裏公園
36,24,9,139.362023037321,35.6054642123402,小山内裏公園
37,25,9,139.36202409449,35.6052839418163,小山内裏公園
38,26,9,139.362025151649,35.605103671287,小山内裏公園
39,27,9,139.362026208799,35.6049234007523,小山内裏公園
40,28,9,139.36202726594,35.6047431302122,小山内裏公園
41,29,9,139.362028323071,35.6045628596666,小山内裏公園
42,30,9,139.362029380193,35.6043825891156,小山内裏公園
43,31,9,139.362030437305,35.6042023185592,小山内裏公園
44,32,9,139.362031494408,35.6040220479973,小山内裏公園
45,33,9,139.362032551502,35.60384177743,小山内裏公園
46,20,10,139.362239549744,35.606186157561,小山内裏公園
47,21,10,139.362240606455,35.6060058870532,小山内裏公園
48,22,10,139.362241663157,35.6058256165399,小山内裏公園
49,23,10,139.362242719849,35.6056453460212,小山内裏公園
50,24,10,139.362243776532,35.6054650754971,小山内裏公園
51,25,10,139.362244833206,35.6052848049675,小山内裏公園
52,26,10,139.36224588987,35.6051045344326,小山内裏公園
53,27,10,139.362246946525,35.6049242638922,小山内裏公園
54,28,10,139.36224800317,35.6047439933463,小山内裏公園
55,29,10,139.362249059807,35.604563722795,小山内裏公園
56,30,10,139.362250116433,35.6043834522383,小山内裏公園
57,31,10,139.362251173051,35.6042031816762,小山内裏公園
58,32,10,139.362252229659,35.6040229111086,小山内裏公園
59,33,10,139.362253286257,35.6038426405356,小山内裏公園
60,34,10,139.362254342846,35.6036623699572,小山内裏公園
61,20,11,139.362460290944,35.6061870203364,小山内裏公園
62,21,11,139.36246134716,35.6060067498229,小山内裏公園
63,22,11,139.362462403367,35.6058264793039,小山内裏公園
64,23,11,139.362463459564,35.6056462087795,小山内裏公園
65,24,11,139.362464515752,35.6054659382497,小山内裏公園
66,25,11,139.362465571931,35.6052856677145,小山内裏公園
67,26,11,139.3624666281,35.6051053971738,小山内裏公園
68,27,11,139.36246768426,35.6049251266277,小山内裏公園
69,28,11,139.36246874041,35.6047448560761,小山内裏公園
70,29,11,139.362469796551,35.6045645855192,小山内裏公園
71,30,11,139.362470852683,35.6043843149567,小山内裏公園
72,31,11,139.362471908805,35.6042040443889,小山内裏公園
73,32,11,139.362472964918,35.6040237738156,小山内裏公園
74,33,11,139.362474021022,35.6038435032369,小山内裏公園
75,34,11,139.362475077116,35.6036632326528,小山内裏公園
76,13,12,139.362673641845,35.6074497761899,小山内裏公園
77,14,12,139.362674697631,35.6072695057087,小山内裏公園
78,19,12,139.362679976424,35.6063681532213,小山内裏公園
79,20,12,139.362681032154,35.6061878827075,小山内裏公園
80,21,12,139.362682087875,35.6060076121883,小山内裏公園
81,22,12,139.362683143587,35.6058273416636,小山内裏公園
82,23,12,139.362684199289,35.6056470711335,小山内裏公園
83,24,12,139.362685254982,35.605466800598,小山内裏公園
84,25,12,139.362686310665,35.6052865300571,小山内裏公園
85,26,12,139.362687366339,35.6051062595107,小山内裏公園
86,27,12,139.362688422004,35.6049259889589,小山内裏公園
87,28,12,139.36268947766,35.6047457184016,小山内裏公園
88,29,12,139.362690533306,35.6045654478389,小山内裏公園
89,30,12,139.362691588942,35.6043851772708,小山内裏公園
90,31,12,139.362692644569,35.6042049066973,小山内裏公園
91,32,12,139.362693700187,35.6040246361184,小山内裏公園
92,33,12,139.362694755796,35.6038443655339,小山内裏公園
93,34,12,139.362695811395,35.6036640949441,小山内裏公園
94,12,13,139.362893331229,35.607630908678,小山内裏公園
95,13,13,139.36289438653,35.6074506381965,小山内裏公園
96,14,13,139.362895441822,35.6072703677096,小山内裏公園
97,15,13,139.362896497104,35.6070900972173,小山内裏公園
98,16,13,139.362897552376,35.6069098267195,小山内裏公園
99,17,13,139.36289860764,35.6067295562164,小山内裏公園
100,18,13,139.362899662894,35.6065492857077,小山内裏公園
101,19,13,139.362900718138,35.6063690151937,小山内裏公園
102,20,13,139.362901773374,35.6061887446742,小山内裏公園
103,21,13,139.362902828599,35.6060084741493,小山内裏公園
104,22,13,139.362903883816,35.6058282036189,小山内裏公園
105,23,13,139.362904939023,35.6056479330832,小山内裏公園
106,24,13,139.362905994221,35.6054676625419,小山内裏公園
107,25,13,139.362907049409,35.6052873919953,小山内裏公園
108,26,13,139.362908104588,35.6051071214432,小山内裏公園
109,27,13,139.362909159758,35.6049268508857,小山内裏公園
110,28,13,139.362910214918,35.6047465803228,小山内裏公園
111,29,13,139.362911270069,35.6045663097544,小山内裏公園
112,30,13,139.362912325211,35.6043860391806,小山内裏公園
113,31,13,139.362913380343,35.6042057686014,小山内裏公園
114,32,13,139.362914435466,35.6040254980167,小山内裏公園
115,33,13,139.362915490579,35.6038452274266,小山内裏公園
116,34,13,139.362916545683,35.6036649568311,小山内裏公園
117,12,14,139.363114076419,35.6076317702859,小山内裏公園
118,13,14,139.363115131225,35.6074514997988,小山内裏公園
119,14,14,139.363116186021,35.6072712293062,小山内裏公園
120,15,14,139.363117240808,35.6070909588082,小山内裏公園
121,16,14,139.363118295586,35.6069106883047,小山内裏公園
122,17,14,139.363119350354,35.6067304177958,小山内裏公園
123,18,14,139.363120405113,35.6065501472815,小山内裏公園
124,19,14,139.363121459862,35.6063698767618,小山内裏公園
125,20,14,139.363122514602,35.6061896062366,小山内裏公園
126,21,14,139.363123569333,35.606009335706,小山内裏公園
127,22,14,139.363124624054,35.60582906517,小山内裏公園
128,23,14,139.363125678767,35.6056487946285,小山内裏公園
129,24,14,139.363126733469,35.6054685240816,小山内裏公園
130,25,14,139.363127788163,35.6052882535292,小山内裏公園
131,26,14,139.363128842846,35.6051079829715,小山内裏公園
132,27,14,139.363129897521,35.6049277124083,小山内裏公園
133,28,14,139.363130952186,35.6047474418396,小山内裏公園
134,29,14,139.363132006842,35.6045671712656,小山内裏公園
135,30,14,139.363133061489,35.6043869006861,小山内裏公園
136,31,14,139.363134116126,35.6042066301012,小山内裏公園
137,32,14,139.363135170754,35.6040263595108,小山内裏公園
138,33,14,139.363136225372,35.603846088915,小山内裏公園
139,11,15,139.363333767298,35.6078129019769,小山内裏公園
140,12,15,139.363334821618,35.6076326314895,小山内裏公園
141,13,15,139.363335875929,35.6074523609967,小山内裏公園
142,14,15,139.36333693023,35.6072720904984,小山内裏公園
143,15,15,139.363337984522,35.6070918199947,小山内裏公園
144,16,15,139.363339038804,35.6069115494855,小山内裏公園
145,17,15,139.363340093077,35.6067312789709,小山内裏公園
146,18,15,139.363341147341,35.606551008451,小山内裏公園
147,19,15,139.363342201595,35.6063707379255,小山内裏公園
148,20,15,139.36334325584,35.6061904673947,小山内裏公園
149,21,15,139.363344310076,35.6060101968584,小山内裏公園
150,22,15,139.363345364302,35.6058299263166,小山内裏公園
151,23,15,139.363346418519,35.6056496557695,小山内裏公園
152,24,15,139.363347472727,35.6054693852169,小山内裏公園
153,25,15,139.363348526925,35.6052891146589,小山内裏公園
154,26,15,139.363349581114,35.6051088440954,小山内裏公園
155,27,15,139.363350635294,35.6049285735265,小山内裏公園
156,28,15,139.363351689464,35.6047483029522,小山内裏公園
157,29,15,139.363352743624,35.6045680323724,小山内裏公園
158,30,15,139.363353797776,35.6043877617873,小山内裏公園
159,31,15,139.363354851918,35.6042074911967,小山内裏公園
160,32,15,139.363355906051,35.6040272206006,小山内裏公園
161,10,16,139.363553459167,35.6079940332695,小山内裏公園
162,11,16,139.363554513002,35.6078137627818,小山内裏公園
163,12,16,139.363555566826,35.6076334922887,小山内裏公園
164,13,16,139.363556620642,35.6074532217902,小山内裏公園
165,14,16,139.363557674448,35.6072729512862,小山内裏公園
166,15,16,139.363558728245,35.6070926807768,小山内裏公園
167,16,16,139.363559782032,35.606912410262,小山内裏公園
168,17,16,139.36356083581,35.6067321397417,小山内裏公園
169,18,16,139.363561889579,35.606551869216,小山内裏公園
170,19,16,139.363562943338,35.6063715986849,小山内裏公園
171,20,16,139.363563997088,35.6061913281484,小山内裏公園
172,21,16,139.363565050828,35.6060110576064,小山内裏公園
173,22,16,139.36356610456,35.605830787059,小山内裏公園
174,23,16,139.363567158281,35.6056505165061,小山内裏公園
175,24,16,139.363568211994,35.6054702459478,小山内裏公園
176,25,16,139.363569265697,35.6052899753841,小山内裏公園
177,26,16,139.363570319391,35.605109704815,小山内裏公園
178,27,16,139.363571373075,35.6049294342404,小山内裏公園
179,28,16,139.36357242675,35.6047491636604,小山内裏公園
180,29,16,139.363573480416,35.604568893075,小山内裏公園
181,30,16,139.363574534073,35.6043886224841,小山内裏公園
182,31,16,139.36357558772,35.6042083518878,小山内裏公園
183,9,17,139.363773152027,35.6081751641636,小山内裏公園
184,10,17,139.363774205375,35.6079948936757,小山内裏公園
185,11,17,139.363775258714,35.6078146231823,小山内裏公園
186,12,17,139.363776312044,35.6076343526836,小山内裏公園
187,13,17,139.363777365364,35.6074540821793,小山内裏公園
188,14,17,139.363778418675,35.6072738116697,小山内裏公園
189,15,17,139.363779471977,35.6070935411546,小山内裏公園
190,16,17,139.363780525269,35.6069132706341,小山内裏公園
191,17,17,139.363781578552,35.6067330001081,小山内裏公園
192,18,17,139.363782631826,35.6065527295768,小山内裏公園
193,19,17,139.36378368509,35.60637245904,小山内裏公園
194,20,17,139.363784738345,35.6061921884977,小山内裏公園
195,21,17,139.36378579159,35.6060119179501,小山内裏公園
196,22,17,139.363786844826,35.605831647397,小山内裏公園
197,23,17,139.363787898053,35.6056513768384,小山内裏公園
198,24,17,139.36378895127,35.6054711062745,小山内裏公園
199,25,17,139.363790004478,35.6052908357051,小山内裏公園
200,26,17,139.363791057677,35.6051105651303,小山内裏公園
201,27,17,139.363792110867,35.60493029455,小山内裏公園
202,28,17,139.363793164047,35.6047500239643,小山内裏公園
203,29,17,139.363794217217,35.6045697533732,小山内裏公園
204,30,17,139.363795270379,35.6043894827766,小山内裏公園
205,8,18,139.363992845877,35.6083562946593,小山内裏公園
206,9,18,139.36399389874,35.6081760241711,小山内裏公園
207,10,18,139.363994951593,35.6079957536775,小山内裏公園
208,11,18,139.363996004437,35.6078154831785,小山内裏公園
209,12,18,139.363997057271,35.607635212674,小山内裏公園
210,13,18,139.363998110096,35.6074549421641,小山内裏公園
211,14,18,139.363999162912,35.6072746716488,小山内裏公園
212,15,18,139.364000215719,35.607094401128,小山内裏公園
213,16,18,139.364001268516,35.6069141306019,小山内裏公園
214,17,18,139.364002321304,35.6067338600702,小山内裏公園
215,18,18,139.364003374082,35.6065535895332,小山内裏公園
216,19,18,139.364004426851,35.6063733189907,小山内裏公園
217,20,18,139.364005479611,35.6061930484428,小山内裏公園
218,21,18,139.364006532361,35.6060127778894,小山内裏公園
219,22,18,139.364007585102,35.6058325073306,小山内裏公園
220,23,18,139.364008637834,35.6056522367664,小山内裏公園
221,24,18,139.364009690556,35.6054719661968,小山内裏公園
222,25,18,139.364010743269,35.6052916956217,小山内裏公園
223,26,18,139.364011795973,35.6051114250412,小山内裏公園
224,27,18,139.364012848667,35.6049311544553,小山内裏公園
225,28,18,139.364013901352,35.6047508838639,小山内裏公園
226,29,18,139.364014954028,35.6045706132671,小山内裏公園
227,7,19,139.364212540717,35.6085374247566,小山内裏公園
228,8,19,139.364213593094,35.6083571542682,小山内裏公園
229,9,19,139.364214645462,35.6081768837743,小山内裏公園
230,10,19,139.36421569782,35.607996613275,小山内裏公園
231,11,19,139.364216750168,35.6078163427703,小山内裏公園
232,12,19,139.364217802508,35.6076360722602,小山内裏公園
233,13,19,139.364218854838,35.6074558017446,小山内裏公園
234,14,19,139.364219907158,35.6072755312236,小山内裏公園
235,15,19,139.36422095947,35.6070952606971,小山内裏公園
236,16,19,139.364222011772,35.6069149901653,小山内裏公園
237,17,19,139.364223064064,35.606734719628,小山内裏公園
238,18,19,139.364224116348,35.6065544490852,小山内裏公園
239,19,19,139.364225168622,35.6063741785371,小山内裏公園
240,20,19,139.364226220886,35.6061939079835,小山内裏公園
241,21,19,139.364227273142,35.6060136374244,小山内裏公園
242,22,19,139.364228325387,35.60583336686,小山内裏公園
243,23,19,139.364229377624,35.6056530962901,小山内裏公園
244,24,19,139.364230429851,35.6054728257148,小山内裏公園
245,25,19,139.364231482069,35.605292555134,小山内裏公園
246,26,19,139.364232534278,35.6051122845478,小山内裏公園
247,27,19,139.364233586477,35.6049320139562,小山内裏公園
248,28,19,139.364234638667,35.6047517433592,小山内裏公園
249,6,20,139.364432236548,35.6087185544554,小山内裏公園
250,7,20,139.364433288439,35.6085382839667,小山内裏公園
251,8,20,139.364434340321,35.6083580134726,小山内裏公園
252,9,20,139.364435392193,35.6081777429731,小山内裏公園
253,10,20,139.364436444056,35.6079974724681,小山内裏公園
254,11,20,139.364437495909,35.6078172019577,小山内裏公園
255,12,20,139.364438547754,35.6076369314419,小山内裏公園
256,13,20,139.364439599588,35.6074566609207,小山内裏公園
257,14,20,139.364440651414,35.607276390394,小山内裏公園
258,15,20,139.36444170323,35.6070961198619,小山内裏公園
259,16,20,139.364442755037,35.6069158493243,小山内裏公園
260,17,20,139.364443806835,35.6067355787813,小山内裏公園
261,18,20,139.364444858623,35.6065553082329,小山内裏公園
262,19,20,139.364445910402,35.6063750376791,小山内裏公園
263,20,20,139.364446962171,35.6061947671198,小山内裏公園
264,21,20,139.364448013931,35.6060144965551,小山内裏公園
265,22,20,139.364449065682,35.605834225985,小山内裏公園
266,23,20,139.364450117424,35.6056539554094,小山内裏公園
267,24,20,139.364451169156,35.6054736848284,小山内裏公園
268,25,20,139.364452220879,35.605293414242,小山内裏公園
269,26,20,139.364453272592,35.6051131436501,小山内裏公園
270,27,20,139.364454324296,35.6049328730528,小山内裏公園
271,28,20,139.364455375991,35.6047526024501,小山内裏公園
272,6,21,139.364652984774,35.6087194132668,小山内裏公園
273,7,21,139.36465403617,35.6085391427725,小山内裏公園
274,8,21,139.364655087556,35.6083588722727,小山内裏公園
275,9,21,139.364656138933,35.6081786017675,小山内裏公園
276,10,21,139.364657190301,35.6079983312569,小山内裏公園
277,11,21,139.36465824166,35.6078180607408,小山内裏公園
278,12,21,139.364659293009,35.6076377902193,小山内裏公園
279,13,21,139.364660344348,35.6074575196924,小山内裏公園
280,14,21,139.364661395679,35.60727724916,小山内裏公園
281,15,21,139.364662447,35.6070969786223,小山内裏公園
282,16,21,139.364663498312,35.606916708079,小山内裏公園
283,17,21,139.364664549614,35.6067364375304,小山内裏公園
284,18,21,139.364665600907,35.6065561669763,小山内裏公園
285,19,21,139.364666652191,35.6063758964168,小山内裏公園
286,20,21,139.364667703465,35.6061956258518,小山内裏公園
287,21,21,139.36466875473,35.6060153552815,小山内裏公園
288,22,21,139.364669805986,35.6058350847056,小山内裏公園
289,23,21,139.364670857232,35.6056548141244,小山内裏公園
290,24,21,139.36467190847,35.6054745435377,小山内裏公園
291,25,21,139.364672959697,35.6052942729456,小山内裏公園
292,26,21,139.364674010916,35.6051140023481,小山内裏公園
293,27,21,139.364675062125,35.6049337317451,小山内裏公園
294,28,21,139.364676113324,35.6047534611367,小山内裏公園
295,5,22,139.3648726821,35.6089005421685,小山内裏公園
296,6,22,139.364873733009,35.6087202716739,小山内裏公園
297,7,22,139.36487478391,35.6085400011739,小山内裏公園
298,8,22,139.364875834801,35.6083597306685,小山内裏公園
299,9,22,139.364876885683,35.6081794601576,小山内裏公園
300,10,22,139.364877936556,35.6079991896413,小山内裏公園
301,11,22,139.364878987419,35.6078189191195,小山内裏公園
302,12,22,139.364880038273,35.6076386485924,小山内裏公園
303,13,22,139.364881089118,35.6074583780598,小山内裏公園
304,14,22,139.364882139953,35.6072781075218,小山内裏公園
305,15,22,139.364883190779,35.6070978369783,小山内裏公園
306,16,22,139.364884241596,35.6069175664294,小山内裏公園
307,17,22,139.364885292403,35.6067372958751,小山内裏公園
308,18,22,139.364886343201,35.6065570253153,小山内裏公園
309,19,22,139.36488739399,35.6063767547501,小山内裏公園
310,20,22,139.364888444769,35.6061964841795,小山内裏公園
311,21,22,139.364889495539,35.6060162136035,小山内裏公園
312,22,22,139.364890546299,35.605835943022,小山内裏公園
313,23,22,139.364891597051,35.6056556724351,小山内裏公園
314,24,22,139.364892647793,35.6054754018427,小山内裏公園
315,25,22,139.364893698525,35.605295131245,小山内裏公園
316,26,22,139.364894749249,35.6051148606417,小山内裏公園
317,27,22,139.364895799963,35.6049345900331,小山内裏公園
318,28,22,139.364896850667,35.604754319419,小山内裏公園
319,29,22,139.364897901363,35.6045740487995,小山内裏公園
320,4,23,139.365092380415,35.6090816706717,小山内裏公園
321,5,23,139.365093430839,35.6089014001768,小山内裏公園
322,6,23,139.365094481254,35.6087211296766,小山内裏公園
323,7,23,139.36509553166,35.6085408591709,小山内裏公園
324,8,23,139.365096582056,35.6083605886598,小山内裏公園
325,9,23,139.365097632443,35.6081803181433,小山内裏公園
326,10,23,139.36509868282,35.6080000476213,小山内裏公園
327,11,23,139.365099733188,35.6078197770939,小山内裏公園
328,12,23,139.365100783547,35.6076395065611,小山内裏公園
329,13,23,139.365101833896,35.6074592360228,小山内裏公園
330,14,23,139.365102884237,35.6072789654791,小山内裏公園
331,15,23,139.365103934567,35.60709869493,小山内裏公園
332,16,23,139.365104984889,35.6069184243754,小山内裏公園
333,17,23,139.365106035201,35.6067381538154,小山内裏公園
334,18,23,139.365107085504,35.60655788325,小山内裏公園
335,19,23,139.365108135797,35.6063776126791,小山内裏公園
336,20,23,139.365109186082,35.6061973421028,小山内裏公園
337,21,23,139.365110236357,35.6060170715211,小山内裏公園
338,22,23,139.365111286622,35.605836800934,小山内裏公園
339,23,23,139.365112336878,35.6056565303414,小山内裏公園
340,24,23,139.365113387125,35.6054762597434,小山内裏公園
341,25,23,139.365114437363,35.6052959891399,小山内裏公園
342,26,23,139.365115487591,35.6051157185311,小山内裏公園
343,27,23,139.36511653781,35.6049354479168,小山内裏公園
344,28,23,139.365117588019,35.604755177297,小山内裏公園
345,29,23,139.36511863822,35.6045749066719,小山内裏公園
346,30,23,139.365119688411,35.6043946360413,小山内裏公園
347,4,24,139.36531312966,35.6090825282813,小山内裏公園
348,5,24,139.365314179589,35.6089022577808,小山内裏公園
349,6,24,139.365315229508,35.6087219872749,小山内裏公園
350,7,24,139.365316279419,35.6085417167636,小山内裏公園
351,8,24,139.365317329319,35.6083614462468,小山内裏公園
352,9,24,139.365318379211,35.6081811757246,小山内裏公園
353,10,24,139.365319429093,35.6080009051969,小山内裏公園
354,11,24,139.365320478966,35.6078206346639,小山内裏公園
355,12,24,139.36532152883,35.6076403641254,小山内裏公園
356,13,24,139.365322578684,35.6074600935814,小山内裏公園
357,14,24,139.365323628529,35.6072798230321,小山内裏公園
358,15,24,139.365324678365,35.6070995524773,小山内裏公園
359,16,24,139.365325728192,35.6069192819171,小山内裏公園
360,17,24,139.365326778009,35.6067390113514,小山内裏公園
361,18,24,139.365327827816,35.6065587407803,小山内裏公園
362,19,24,139.365328877615,35.6063784702038,小山内裏公園
363,20,24,139.365329927404,35.6061981996218,小山内裏公園
364,21,24,139.365330977184,35.6060179290344,小山内裏公園
365,22,24,139.365332026954,35.6058376584416,小山内裏公園
366,23,24,139.365333076715,35.6056573878434,小山内裏公園
367,24,24,139.365334126467,35.6054771172397,小山内裏公園
368,25,24,139.365335176209,35.6052968466306,小山内裏公園
369,26,24,139.365336225943,35.6051165760161,小山内裏公園
370,27,24,139.365337275666,35.6049363053961,小山内裏公園
371,28,24,139.365338325381,35.6047560347707,小山内裏公園
372,29,24,139.365339375086,35.6045757641399,小山内裏公園
373,30,24,139.365340424782,35.6043954935036,小山内裏公園
374,31,24,139.365341474469,35.6042152228619,小山内裏公園
375,3,25,139.36553282947,35.6092636559873,小山内裏公園
376,4,25,139.365533878913,35.6090833854866,小山内裏公園
377,5,25,139.365534928347,35.6089031149804,小山内裏公園
378,6,25,139.365535977772,35.6087228444688,小山内裏公園
379,7,25,139.365537027187,35.6085425739518,小山内裏公園
380,8,25,139.365538076593,35.6083623034294,小山内裏公園
381,9,25,139.365539125989,35.6081820329015,小山内裏公園
382,10,25,139.365540175376,35.6080017623682,小山内裏公園
383,11,25,139.365541224754,35.6078214918295,小山内裏公園
384,12,25,139.365542274123,35.6076412212853,小山内裏公園
385,13,25,139.365543323482,35.6074609507357,小山内裏公園
386,14,25,139.365544372832,35.6072806801807,小山内裏公園
387,15,25,139.365545422172,35.6071004096202,小山内裏公園
388,16,25,139.365546471503,35.6069201390544,小山内裏公園
389,17,25,139.365547520825,35.606739868483,小山内裏公園
390,18,25,139.365548570138,35.6065595979063,小山内裏公園
391,19,25,139.365549619441,35.6063793273241,小山内裏公園
392,20,25,139.365550668735,35.6061990567365,小山内裏公園
393,21,25,139.36555171802,35.6060187861434,小山内裏公園
394,22,25,139.365552767295,35.605838515545,小山内裏公園
395,23,25,139.365553816561,35.6056582449411,小山内裏公園
396,24,25,139.365554865818,35.6054779743317,小山内裏公園
397,25,25,139.365555915065,35.6052977037169,小山内裏公園
398,26,25,139.365556964304,35.6051174330967,小山内裏公園
399,27,25,139.365558013532,35.6049371624711,小山内裏公園
400,28,25,139.365559062752,35.60475689184,小山内裏公園
401,29,25,139.365560111962,35.6045766212036,小山内裏公園
402,30,25,139.365561161163,35.6043963505616,小山内裏公園
403,31,25,139.365562210354,35.6042160799143,小山内裏公園
404,2,26,139.365752530271,35.6094447832947,小山内裏公園
405,3,26,139.365753579229,35.6092645127938,小山内裏公園
406,4,26,139.365754628176,35.6090842422874,小山内裏公園
407,5,26,139.365755677115,35.6089039717756,小山内裏公園
408,6,26,139.365756726044,35.6087237012584,小山内裏公園
409,7,26,139.365757774964,35.6085434307357,小山内裏公園
410,8,26,139.365758823875,35.6083631602076,小山内裏公園
411,9,26,139.365759872776,35.6081828896741,小山内裏公園
412,10,26,139.365760921668,35.6080026191351,小山内裏公園
413,11,26,139.365761970551,35.6078223485907,小山内裏公園
414,12,26,139.365763019424,35.6076420780409,小山内裏公園
415,13,26,139.365764068288,35.6074618074857,小山内裏公園
416,14,26,139.365765117143,35.607281536925,小山内裏公園
417,15,26,139.365766165989,35.6071012663589,小山内裏公園
418,16,26,139.365767214825,35.6069209957873,小山内裏公園
419,17,26,139.365768263652,35.6067407252103,小山内裏公園
420,18,26,139.365769312469,35.6065604546279,小山内裏公園
421,19,26,139.365770361277,35.6063801840401,小山内裏公園
422,20,26,139.365771410076,35.6061999134468,小山内裏公園
423,21,26,139.365772458866,35.6060196428481,小山内裏公園
424,22,26,139.365773507646,35.6058393722439,小山内裏公園
425,23,26,139.365774556417,35.6056591016344,小山内裏公園
426,24,26,139.365775605178,35.6054788310194,小山内裏公園
427,25,26,139.365776653931,35.6052985603989,小山内裏公園
428,26,26,139.365777702674,35.6051182897731,小山内裏公園
429,27,26,139.365778751408,35.6049380191418,小山内裏公園
430,28,26,139.365779800132,35.6047577485051,小山内裏公園
431,29,26,139.365780848847,35.6045774778629,小山内裏公園
432,30,26,139.365781897553,35.6043972072153,小山内裏公園
433,31,26,139.365782946249,35.6042169365623,小山内裏公園
434,3,27,139.365974328996,35.609265369196,小山内裏公園
435,4,27,139.365975377449,35.6090850986839,小山内裏公園
436,5,27,139.365976425892,35.6089048281665,小山内裏公園
437,6,27,139.365977474326,35.6087245576436,小山内裏公園
438,7,27,139.365978522751,35.6085442871152,小山内裏公園
439,8,27,139.365979571167,35.6083640165815,小山内裏公園
440,9,27,139.365980619573,35.6081837460423,小山内裏公園
441,10,27,139.36598166797,35.6080034754977,小山内裏公園
442,11,27,139.365982716357,35.6078232049476,小山内裏公園
443,12,27,139.365983764735,35.6076429343921,小山内裏公園
444,13,27,139.365984813104,35.6074626638312,小山内裏公園
445,14,27,139.365985861464,35.6072823932649,小山内裏公園
446,15,27,139.365986909814,35.6071021226931,小山内裏公園
447,16,27,139.365987958155,35.6069218521159,小山内裏公園
448,17,27,139.365989006487,35.6067415815333,小山内裏公園
449,18,27,139.365990054809,35.6065613109452,小山内裏公園
450,19,27,139.365991103122,35.6063810403517,小山内裏公園
451,20,27,139.365992151426,35.6062007697528,小山内裏公園
452,21,27,139.365993199721,35.6060204991484,小山内裏公園
453,22,27,139.365994248006,35.6058402285386,小山内裏公園
454,23,27,139.365995296282,35.6056599579234,小山内裏公園
455,24,27,139.365996344548,35.6054796873027,小山内裏公園
456,25,27,139.365997392805,35.6052994166766,小山内裏公園
457,26,27,139.365998441053,35.6051191460451,小山内裏公園
458,27,27,139.365999489292,35.6049388754082,小山内裏公園
459,28,27,139.366000537521,35.6047586047658,小山内裏公園
460,29,27,139.366001585741,35.604578334118,小山内裏公園
461,30,27,139.366002633952,35.6043980634647,小山内裏公園
462,31,27,139.366003682153,35.6042177928061,小山内裏公園
463,5,28,139.366197174679,35.6089056841529,小山内裏公園
464,6,28,139.366198222618,35.6087254136244,小山内裏公園
465,7,28,139.366199270547,35.6085451430904,小山内裏公園
466,8,28,139.366200318468,35.608364872551,小山内裏公園
467,9,28,139.366201366379,35.6081846020061,小山内裏公園
468,10,28,139.36620241428,35.6080043314559,小山内裏公園
469,11,28,139.366203462173,35.6078240609001,小山内裏公園
470,12,28,139.366204510056,35.607643790339,小山内裏公園
471,13,28,139.36620555793,35.6074635197724,小山内裏公園
472,14,28,139.366206605794,35.6072832492004,小山内裏公園
473,15,28,139.366207653649,35.607102978623,小山内裏公園
474,16,28,139.366208701495,35.6069227080402,小山内裏公園
475,17,28,139.366209749332,35.6067424374519,小山内裏公園
476,18,28,139.366210797159,35.6065621668581,小山内裏公園
477,19,28,139.366211844977,35.606381896259,小山内裏公園
478,20,28,139.366212892786,35.6062016256544,小山内裏公園
479,21,28,139.366213940585,35.6060213550444,小山内裏公園
480,22,28,139.366214988375,35.6058410844289,小山内裏公園
481,23,28,139.366216036156,35.6056608138081,小山内裏公園
482,24,28,139.366217083927,35.6054805431817,小山内裏公園
483,25,28,139.366218131689,35.60530027255,小山内裏公園
484,26,28,139.366219179442,35.6051200019128,小山内裏公園
485,27,28,139.366220227186,35.6049397312702,小山内裏公園
486,28,28,139.36622127492,35.6047594606222,小山内裏公園
487,29,28,139.366222322645,35.6045791899687,小山内裏公園
488,30,28,139.366223370361,35.6043989193098,小山内裏公園
489,31,28,139.366224418067,35.6042186486455,小山内裏公園
490,7,29,139.366420018353,35.6085459986611,小山内裏公園
491,8,29,139.366421065778,35.6083657281161,小山内裏公園
492,9,29,139.366422113194,35.6081854575656,小山内裏公園
493,10,29,139.3664231606,35.6080051870097,小山内裏公園
494,11,29,139.366424207998,35.6078249164483,小山内裏公園
495,12,29,139.366425255386,35.6076446458815,小山内裏公園
496,13,29,139.366426302764,35.6074643753093,小山内裏公園
497,14,29,139.366427350134,35.6072841047316,小山内裏公園
498,15,29,139.366428397494,35.6071038341486,小山内裏公園
499,16,29,139.366429444844,35.60692356356,小山内裏公園
500,17,29,139.366430492186,35.6067432929661,小山内裏公園
501,18,29,139.366431539518,35.6065630223667,小山内裏公園
502,19,29,139.366432586841,35.6063827517619,小山内裏公園
503,20,29,139.366433634154,35.6062024811517,小山内裏公園
504,21,29,139.366434681459,35.606022210536,小山内裏公園
505,22,29,139.366435728754,35.6058419399149,小山内裏公園
506,23,29,139.366436776039,35.6056616692884,小山内裏公園
507,24,29,139.366437823316,35.6054813986564,小山内裏公園
508,25,29,139.366438870583,35.605301128019,小山内裏公園
509,26,29,139.36643991784,35.6051208573762,小山内裏公園
510,27,29,139.366440965089,35.6049405867279,小山内裏公園
511,28,29,139.366442012328,35.6047603160742,小山内裏公園
512,29,29,139.366443059558,35.6045800454151,小山内裏公園
513,30,29,139.366444106779,35.6043997747506,小山内裏公園
514,8,30,139.366641813098,35.6083665832768,小山内裏公園
515,9,30,139.366642860018,35.6081863127207,小山内裏公園
516,10,30,139.36664390693,35.6080060421591,小山内裏公園
517,11,30,139.366644953832,35.6078257715921,小山内裏公園
518,12,30,139.366646000725,35.6076455010197,小山内裏公園
519,13,30,139.366647047608,35.6074652304418,小山内裏公園
520,14,30,139.366648094482,35.6072849598585,小山内裏公園
521,15,30,139.366649141347,35.6071046892698,小山内裏公園
522,16,30,139.366650188203,35.6069244186756,小山内裏公園
523,17,30,139.366651235049,35.606744148076,小山内裏公園
524,18,30,139.366652281886,35.606563877471,小山内裏公園
525,19,30,139.366653328714,35.6063836068605,小山内裏公園
526,20,30,139.366654375532,35.6062033362446,小山内裏公園
527,21,30,139.366655422342,35.6060230656233,小山内裏公園
528,22,30,139.366656469142,35.6058427949966,小山内裏公園
529,23,30,139.366657515932,35.6056625243644,小山内裏公園
530,24,30,139.366658562713,35.6054822537268,小山内裏公園
531,25,30,139.366659609485,35.6053019830837,小山内裏公園
532,26,30,139.366660656248,35.6051217124353,小山内裏公園
533,27,30,139.366661703001,35.6049414417813,小山内裏公園
534,28,30,139.366662749745,35.604761171122,小山内裏公園
535,29,30,139.36666379648,35.6045809004573,小山内裏公園
536,10,31,139.366864653268,35.6080068969042,小山内裏公園
537,11,31,139.366865699675,35.6078266263315,小山内裏公園
538,12,31,139.366866746073,35.6076463557534,小山内裏公園
539,13,31,139.366867792461,35.6074660851699,小山内裏公園
540,14,31,139.36686883884,35.607285814581,小山内裏公園
541,15,31,139.36686988521,35.6071055439866,小山内裏公園
542,16,31,139.366870931571,35.6069252733868,小山内裏公園
543,17,31,139.366871977922,35.6067450027815,小山内裏公園
544,18,31,139.366873024264,35.6065647321709,小山内裏公園
545,19,31,139.366874070596,35.6063844615548,小山内裏公園
546,20,31,139.36687511692,35.6062041909332,小山内裏公園
547,21,31,139.366876163234,35.6060239203063,小山内裏公園
548,22,31,139.366877209539,35.6058436496739,小山内裏公園
549,23,31,139.366878255834,35.605663379036,小山内裏公園
550,24,31,139.36687930212,35.6054831083928,小山内裏公園
551,25,31,139.366880348397,35.6053028377441,小山内裏公園
552,26,31,139.366881394665,35.60512256709,小山内裏公園
553,27,31,139.366882440923,35.6049422964304,小山内裏公園
554,28,31,139.366883487172,35.6047620257654,小山内裏公園
555,11,32,139.367086445528,35.6078274806666,小山内裏公園
556,12,32,139.36708749143,35.6076472100829,小山内裏公園
557,13,32,139.367088537324,35.6074669394937,小山内裏公園
558,14,32,139.367089583208,35.6072866688991,小山内裏公園
559,15,32,139.367090629082,35.6071063982991,小山内裏公園
560,16,32,139.367091674948,35.6069261276936,小山内裏公園
561,17,32,139.367092720804,35.6067458570827,小山内裏公園
562,18,32,139.367093766651,35.6065655864664,小山内裏公園
563,19,32,139.367094812488,35.6063853158447,小山内裏公園
564,20,32,139.367095858316,35.6062050452175,小山内裏公園
565,21,32,139.367096904135,35.6060247745849,小山内裏公園
566,22,32,139.367097949945,35.6058445039468,小山内裏公園
567,23,32,139.367098995745,35.6056642333034,小山内裏公園
568,24,32,139.367100041537,35.6054839626545,小山内裏公園
569,25,32,139.367101087318,35.6053036920001,小山内裏公園
570,26,32,139.367102133091,35.6051234213404,小山内裏公園
571,27,32,139.367103178854,35.6049431506752,小山内裏公園
572,12,33,139.367308236797,35.6076480640079,小山内裏公園
573,13,33,139.367309282195,35.6074677934131,小山内裏公園
574,14,33,139.367310327584,35.6072875228129,小山内裏公園
575,15,33,139.367311372964,35.6071072522072,小山内裏公園
576,16,33,139.367312418334,35.6069269815961,小山内裏公園
577,17,33,139.367313463695,35.6067467109796,小山内裏公園
578,18,33,139.367314509047,35.6065664403576,小山内裏公園
579,19,33,139.367315554389,35.6063861697302,小山内裏公園
580,20,33,139.367316599722,35.6062058990974,小山内裏公園
581,21,33,139.367317645046,35.6060256284592,小山内裏公園
582,22,33,139.367318690361,35.6058453578155,小山内裏公園
583,23,33,139.367319735666,35.6056650871664,小山内裏公園
584,24,33,139.367320780962,35.6054848165118,小山内裏公園
585,25,33,139.367321826249,35.6053045458519,小山内裏公園
586,26,33,139.367322871526,35.6051242751865,小山内裏公園
587,13,34,139.367530027076,35.6074686469282,小山内裏公園
588,14,34,139.36753107197,35.6072883763223,小山内裏公園
589,15,34,139.367532116855,35.607108105711,小山内裏公園
590,16,34,139.36753316173,35.6069278350942,小山内裏公園
591,17,34,139.367534206596,35.6067475644721,小山内裏公園
592,18,34,139.367535251452,35.6065672938445,小山内裏公園
593,19,34,139.3675362963,35.6063870232115,小山内裏公園
594,20,34,139.367537341138,35.606206752573,小山内裏公園
595,21,34,139.367538385966,35.6060264819291,小山内裏公園
596,22,34,139.367539430786,35.6058462112798,小山内裏公園
597,23,34,139.367540475596,35.6056659406251,小山内裏公園
598,24,34,139.367541520397,35.6054856699649,小山内裏公園
599,25,34,139.367542565189,35.6053053992992,小山内裏公園
600,26,34,139.367543609971,35.6051251286282,小山内裏公園
601,27,34,139.367544654744,35.6049448579517,小山内裏公園
602,13,35,139.367750771967,35.6074695000389,小山内裏公園
603,14,35,139.367751816365,35.6072892294274,小山内裏公園
604,15,35,139.367752860755,35.6071089588104,小山内裏公園
605,16,35,139.367753905135,35.606928688188,小山内裏公園
606,17,35,139.367754949505,35.6067484175602,小山内裏公園
607,18,35,139.367755993867,35.606568146927,小山内裏公園
608,19,35,139.367757038219,35.6063878762883,小山内裏公園
609,20,35,139.367758082562,35.6062076056443,小山内裏公園
610,21,35,139.367759126896,35.6060273349947,小山内裏公園
611,22,35,139.36776017122,35.6058470643398,小山内裏公園
612,23,35,139.367761215535,35.6056667936794,小山内裏公園
613,24,35,139.367762259841,35.6054865230136,小山内裏公園
614,25,35,139.367763304138,35.6053062523423,小山内裏公園
615,26,35,139.367764348425,35.6051259816656,小山内裏公園
616,27,35,139.367765392703,35.6049457109835,小山内裏公園
617,14,36,139.36797256077,35.6072900821281,小山内裏公園
618,15,36,139.367973604664,35.6071098115055,小山内裏公園
619,16,36,139.367974648549,35.6069295408775,小山内裏公園
620,17,36,139.367975692425,35.606749270244,小山内裏公園
621,18,36,139.367976736291,35.6065689996052,小山内裏公園
622,19,36,139.367977780148,35.6063887289609,小山内裏公園
623,20,36,139.367978823996,35.6062084583112,小山内裏公園
624,21,36,139.367979867834,35.606028187656,小山内裏公園
625,22,36,139.367980911664,35.6058479169954,小山内裏公園
626,23,36,139.367981955484,35.6056676463294,小山内裏公園
627,24,36,139.367982999294,35.6054873756579,小山内裏公園
628,25,36,139.367984043096,35.605307104981,小山内裏公園
629,26,36,139.367985086888,35.6051268342987,小山内裏公園
630,27,36,139.367986130671,35.604946563611,小山内裏公園
631,28,36,139.367987174445,35.6047662929178,小山内裏公園
632,14,37,139.368193305184,35.6072909344244,小山内裏公園
633,15,37,139.368194348583,35.6071106637962,小山内裏公園
634,16,37,139.368195391972,35.6069303931626,小山内裏公園
635,17,37,139.368196435353,35.6067501225235,小山内裏公園
636,18,37,139.368197478724,35.606569851879,小山内裏公園
637,19,37,139.368198522086,35.6063895812291,小山内裏公園
638,20,37,139.368199565439,35.6062093105737,小山内裏公園
639,21,37,139.368200608782,35.6060290399129,小山内裏公園
640,22,37,139.368201652116,35.6058487692467,小山内裏公園
641,23,37,139.368202695441,35.605668498575,小山内裏公園
642,24,37,139.368203738757,35.605488227898,小山内裏公園
643,25,37,139.368204782063,35.6053079572155,小山内裏公園
644,26,37,139.36820582536,35.6051276865275,小山内裏公園
645,27,37,139.368206868648,35.6049474158341,小山内裏公園
646,28,37,139.368207911927,35.6047671451353,小山内裏公園
647,29,37,139.368208955196,35.6045868744311,小山内裏公園
648,34,37,139.368214171404,35.6036855208284,小山内裏公園
649,35,37,139.368215214618,35.6035052500916,小山内裏公園
650,36,37,139.368216257822,35.6033249793494,小山内裏公園
651,37,37,139.368217301017,35.6031447086017,小山内裏公園
652,14,38,139.368414049607,35.6072917863164,小山内裏公園
653,15,38,139.36841509251,35.6071115156826,小山内裏公園
654,16,38,139.368416135405,35.6069312450433,小山内裏公園
655,17,38,139.36841717829,35.6067509743986,小山内裏公園
656,18,38,139.368418221167,35.6065707037485,小山内裏公園
657,19,38,139.368419264033,35.6063904330929,小山内裏公園
658,20,38,139.368420306891,35.6062101624319,小山内裏公園
659,21,38,139.368421349739,35.6060298917655,小山内裏公園
660,22,38,139.368422392578,35.6058496210937,小山内裏公園
661,23,38,139.368423435408,35.6056693504164,小山内裏公園
662,24,38,139.368424478229,35.6054890797337,小山内裏公園
663,25,38,139.36842552104,35.6053088090455,小山内裏公園
664,26,38,139.368426563842,35.605128538352,小山内裏公園
665,27,38,139.368427606635,35.604948267653,小山内裏公園
666,28,38,139.368428649419,35.6047679969485,小山内裏公園
667,29,38,139.368429692193,35.6045877262387,小山内裏公園
668,32,38,139.36843282046,35.6040469140765,小山内裏公園
669,33,38,139.368433863197,35.6038666433449,小山内裏公園
670,34,38,139.368434905925,35.6036863726079,小山内裏公園
671,35,38,139.368435948644,35.6035061018654,小山内裏公園
672,36,38,139.368436991353,35.6033258311176,小山内裏公園
673,37,38,139.368438034053,35.6031455603642,小山内裏公園
674,14,39,139.368634794039,35.607292637804,小山内裏公園
675,15,39,139.368635836448,35.6071123671646,小山内裏公園
676,16,39,139.368636878847,35.6069320965197,小山内裏公園
677,17,39,139.368637921237,35.6067518258694,小山内裏公園
678,18,39,139.368638963618,35.6065715552136,小山内裏公園
679,19,39,139.36864000599,35.6063912845524,小山内裏公園
680,20,39,139.368641048353,35.6062110138858,小山内裏公園
681,21,39,139.368642090706,35.6060307432138,小山内裏公園
682,22,39,139.36864313305,35.6058504725363,小山内裏公園
683,23,39,139.368644175385,35.6056702018534,小山内裏公園
684,24,39,139.36864521771,35.605489931165,小山内裏公園
685,25,39,139.368646260026,35.6053096604713,小山内裏公園
686,26,39,139.368647302333,35.6051293897721,小山内裏公園
687,27,39,139.368648344631,35.6049491190675,小山内裏公園
688,28,39,139.368649386919,35.6047688483574,小山内裏公園
689,29,39,139.368650429199,35.6045885776419,小山内裏公園
690,30,39,139.368651471468,35.604408306921,小山内裏公園
691,31,39,139.368652513729,35.6042280361946,小山内裏公園
692,32,39,139.368653555981,35.6040477654629,小山内裏公園
693,33,39,139.368654598223,35.6038674947256,小山内裏公園
694,34,39,139.368655640456,35.603687223983,小山内裏公園
695,35,39,139.368656682679,35.6035069532349,小山内裏公園
696,36,39,139.368657724894,35.6033266824814,小山内裏公園
697,37,39,139.368658767099,35.6031464117225,小山内裏公園
698,38,39,139.368659809295,35.6029661409581,小山内裏公園
699,14,40,139.36885553848,35.6072934888873,小山内裏公園
700,15,40,139.368856580394,35.6071132182422,小山内裏公園
701,16,40,139.368857622298,35.6069329475917,小山内裏公園
702,17,40,139.368858664194,35.6067526769358,小山内裏公園
703,18,40,139.368859706079,35.6065724062744,小山内裏公園
704,19,40,139.368860747956,35.6063921356076,小山内裏公園
705,20,40,139.368861789823,35.6062118649353,小山内裏公園
706,21,40,139.368862831682,35.6060315942577,小山内裏公園
707,22,40,139.36886387353,35.6058513235746,小山内裏公園
708,23,40,139.36886491537,35.6056710528861,小山内裏公園
709,24,40,139.3688659572,35.6054907821921,小山内裏公園
710,25,40,139.368866999022,35.6053105114927,小山内裏公園
711,26,40,139.368868040833,35.6051302407879,小山内裏公園
712,27,40,139.368869082636,35.6049499700776,小山内裏公園
713,28,40,139.368870124429,35.6047696993619,小山内裏公園
714,29,40,139.368871166214,35.6045894286408,小山内裏公園
715,30,40,139.368872207988,35.6044091579143,小山内裏公園
716,31,40,139.368873249754,35.6042288871823,小山内裏公園
717,32,40,139.36887429151,35.6040486164449,小山内裏公園
718,33,40,139.368875333258,35.6038683457021,小山内裏公園
719,34,40,139.368876374995,35.6036880749538,小山内裏公園
720,35,40,139.368877416724,35.6035078042001,小山内裏公園
721,36,40,139.368878458443,35.603327533441,小山内裏公園
722,37,40,139.368879500154,35.6031472626764,小山内裏公園
723,38,40,139.368880541854,35.6029669919065,小山内裏公園
724,13,41,139.369075241503,35.6074746102115,小山内裏公園
725,14,41,139.369076282931,35.6072943395662,小山内裏公園
726,15,41,139.36907732435,35.6071140689155,小山内裏公園
727,16,41,139.369078365759,35.6069337982594,小山内裏公園
728,17,41,139.369079407159,35.6067535275978,小山内裏公園
729,18,41,139.36908044855,35.6065732569308,小山内裏公園
730,19,41,139.369081489931,35.6063929862584,小山内裏公園
731,20,41,139.369082531303,35.6062127155805,小山内裏公園
732,21,41,139.369083572666,35.6060324448973,小山内裏公園
733,22,41,139.36908461402,35.6058521742085,小山内裏公園
734,23,41,139.369085655365,35.6056719035144,小山内裏公園
735,24,41,139.3690866967,35.6054916328148,小山内裏公園
736,25,41,139.369087738026,35.6053113621098,小山内裏公園
737,26,41,139.369088779343,35.6051310913994,小山内裏公園
738,27,41,139.36908982065,35.6049508206835,小山内裏公園
739,28,41,139.369090861949,35.6047705499622,小山内裏公園
740,29,41,139.369091903238,35.6045902792355,小山内裏公園
741,30,41,139.369092944518,35.6044100085033,小山内裏公園
742,31,41,139.369093985788,35.6042297377657,小山内裏公園
743,32,41,139.36909502705,35.6040494670227,小山内裏公園
744,33,41,139.369096068302,35.6038691962742,小山内裏公園
745,34,41,139.369097109544,35.6036889255203,小山内裏公園
746,35,41,139.369098150778,35.603508654761,小山内裏公園
747,36,41,139.369099192002,35.6033283839963,小山内裏公園
748,37,41,139.369100233217,35.6031481132261,小山内裏公園
749,38,41,139.369101274423,35.6029678424505,小山内裏公園
750,14,42,139.369297027391,35.6072951898408,小山内裏公園
751,15,42,139.369298068314,35.6071149191844,小山内裏公園
752,16,42,139.369299109229,35.6069346485227,小山内裏公園
753,17,42,139.369300150134,35.6067543778555,小山内裏公園
754,18,42,139.369301191029,35.6065741071829,小山内裏公園
755,19,42,139.369302231916,35.6063938365049,小山内裏公園
756,20,42,139.369303272793,35.6062135658214,小山内裏公園
757,21,42,139.369304313661,35.6060332951325,小山内裏公園
758,22,42,139.369305354519,35.6058530244382,小山内裏公園
759,23,42,139.369306395369,35.6056727537384,小山内裏公園
760,24,42,139.369307436209,35.6054924830332,小山内裏公園
761,25,42,139.36930847704,35.6053122123226,小山内裏公園
762,26,42,139.369309517862,35.6051319416065,小山内裏公園
763,27,42,139.369310558674,35.604951670885,小山内裏公園
764,28,42,139.369311599477,35.6047714001581,小山内裏公園
765,29,42,139.369312640271,35.6045911294258,小山内裏公園
766,30,42,139.369313681056,35.604410858688,小山内裏公園
767,31,42,139.369314721832,35.6042305879448,小山内裏公園
768,32,42,139.369315762598,35.6040503171961,小山内裏公園
769,33,42,139.369316803355,35.603870046442,小山内裏公園
770,34,42,139.369317844103,35.6036897756825,小山内裏公園
771,35,42,139.369318884841,35.6035095049176,小山内裏公園
772,36,42,139.36931992557,35.6033292341473,小山内裏公園
773,37,42,139.369320966291,35.6031489633715,小山内裏公園
774,38,42,139.369322007001,35.6029686925902,小山内裏公園
775,15,43,139.369518812289,35.607115769049,小山内裏公園
776,16,43,139.369519852708,35.6069354983817,小山内裏公園
777,17,43,139.369520893117,35.6067552277089,小山内裏公園
778,18,43,139.369521933518,35.6065749570307,小山内裏公園
779,19,43,139.369522973909,35.606394686347,小山内裏公園
780,20,43,139.369524014291,35.6062144156579,小山内裏公園
781,21,43,139.369525054664,35.6060341449634,小山内裏公園
782,22,43,139.369526095028,35.6058538742634,小山内裏公園
783,23,43,139.369527135382,35.6056736035581,小山内裏公園
784,24,43,139.369528175727,35.6054933328472,小山内裏公園
785,25,43,139.369529216063,35.605313062131,小山内裏公園
786,26,43,139.36953025639,35.6051327914093,小山内裏公園
787,27,43,139.369531296707,35.6049525206822,小山内裏公園
788,28,43,139.369532337015,35.6047722499497,小山内裏公園
789,29,43,139.369533377314,35.6045919792117,小山内裏公園
790,30,43,139.369534417604,35.6044117084683,小山内裏公園
791,31,43,139.369535457884,35.6042314377195,小山内裏公園
792,32,43,139.369536498155,35.6040511669653,小山内裏公園
793,33,43,139.369537538417,35.6038708962056,小山内裏公園
794,34,43,139.36953857867,35.6036906254405,小山内裏公園
795,35,43,139.369539618914,35.6035103546699,小山内裏公園
796,36,43,139.369540659148,35.6033300838939,小山内裏公園
797,37,43,139.369541699373,35.6031498131125,小山内裏公園
798,38,43,139.369542739589,35.6029695423257,小山内裏公園
799,15,44,139.369739556272,35.6071166185093,小山内裏公園
800,16,44,139.369740596196,35.6069363478363,小山内裏公園
801,17,44,139.369741636111,35.6067560771579,小山内裏公園
802,18,44,139.369742676016,35.606575806474,小山内裏公園
803,19,44,139.369743715912,35.6063955357848,小山内裏公園
804,20,44,139.369744755799,35.6062152650901,小山内裏公園
805,21,44,139.369745795677,35.60603499439,小山内裏公園
806,22,44,139.369746835545,35.6058547236844,小山内裏公園
807,23,44,139.369747875405,35.6056744529734,小山内裏公園
808,24,44,139.369748915255,35.605494182257,小山内裏公園
809,25,44,139.369749955095,35.6053139115351,小山内裏公園
810,26,44,139.369750994927,35.6051336408078,小山内裏公園
811,27,44,139.369752034749,35.6049533700751,小山内裏公園
812,28,44,139.369753074562,35.604773099337,小山内裏公園
813,29,44,139.369754114366,35.6045928285934,小山内裏公園
814,30,44,139.369755154161,35.6044125578444,小山内裏公園
815,31,44,139.369756193946,35.60423228709,小山内裏公園
816,32,44,139.369757233722,35.6040520163301,小山内裏公園
817,33,44,139.369758273489,35.6038717455648,小山内裏公園
818,34,44,139.369759313247,35.6036914747941,小山内裏公園
819,35,44,139.369760352995,35.6035112040179,小山内裏公園
820,36,44,139.369761392735,35.6033309332363,小山内裏公園
821,37,44,139.369762432465,35.6031506624493,小山内裏公園
822,38,44,139.369763472185,35.6029703916568,小山内裏公園
823,16,45,139.369961339693,35.6069371968865,小山内裏公園
824,17,45,139.369962379113,35.6067569262025,小山内裏公園
825,18,45,139.369963418523,35.6065766555131,小山内裏公園
826,19,45,139.369964457924,35.6063963848182,小山内裏公園
827,20,45,139.369965497316,35.6062161141179,小山内裏公園
828,21,45,139.369966536699,35.6060358434122,小山内裏公園
829,22,45,139.369967576072,35.605855572701,小山内裏公園
830,23,45,139.369968615436,35.6056753019844,小山内裏公園
831,24,45,139.369969654791,35.6054950312624,小山内裏公園
832,25,45,139.369970694137,35.6053147605349,小山内裏公園
833,26,45,139.369971733473,35.605134489802,小山内裏公園
834,27,45,139.369972772801,35.6049542190637,小山内裏公園
835,28,45,139.369973812119,35.6047739483199,小山内裏公園
836,29,45,139.369974851427,35.6045936775707,小山内裏公園
837,30,45,139.369975890727,35.6044134068161,小山内裏公園
838,31,45,139.369976930017,35.6042331360561,小山内裏公園
839,32,45,139.369977969298,35.6040528652906,小山内裏公園
840,33,45,139.36997900857,35.6038725945197,小山内裏公園
841,34,45,139.369980047833,35.6036923237434,小山内裏公園
842,35,45,139.369981087086,35.6035120529616,小山内裏公園
843,36,45,139.36998212633,35.6033317821744,小山内裏公園
844,37,45,139.369983165565,35.6031515113818,小山内裏公園
845,38,45,139.369984204791,35.6029712405837,小山内裏公園
846,17,46,139.370183122124,35.6067577748428,小山内裏公園
847,18,46,139.37018416104,35.6065775041478,小山内裏公園
848,19,46,139.370185199946,35.6063972334473,小山内裏公園
849,20,46,139.370186238842,35.6062169627414,小山内裏公園
850,21,46,139.37018727773,35.60603669203,小山内裏公園
851,22,46,139.370188316608,35.6058564213133,小山内裏公園
852,23,46,139.370189355477,35.6056761505911,小山内裏公園
853,24,46,139.370190394337,35.6054958798634,小山内裏公園
854,25,46,139.370191433188,35.6053156091304,小山内裏公園
855,26,46,139.370192472029,35.6051353383919,小山内裏公園
856,27,46,139.370193510861,35.6049550676479,小山内裏公園
857,28,46,139.370194549684,35.6047747968986,小山内裏公園
858,29,46,139.370195588498,35.6045945261438,小山内裏公園
859,30,46,139.370196627302,35.6044142553836,小山内裏公園
860,31,46,139.370197666098,35.6042339846179,小山内裏公園
861,32,46,139.370198704884,35.6040537138468,小山内裏公園
862,33,46,139.37019974366,35.6038734430703,小山内裏公園
863,34,46,139.370200782428,35.6036931722884,小山内裏公園
864,35,46,139.370201821186,35.603512901501,小山内裏公園
865,36,46,139.370202859936,35.6033326307082,小山内裏公園
866,37,46,139.370203898676,35.6031523599099,小山内裏公園
867,38,46,139.370204937406,35.6029720891063,小山内裏公園
868,17,47,139.370403865145,35.6067586230788,小山内裏公園
869,18,47,139.370404903565,35.6065783523781,小山内裏公園
870,19,47,139.370405941976,35.606398081672,小山内裏公園
871,20,47,139.370406980378,35.6062178109605,小山内裏公園
872,21,47,139.37040801877,35.6060375402436,小山内裏公園
873,22,47,139.370409057153,35.6058572695212,小山内裏公園
874,23,47,139.370410095527,35.6056769987934,小山内裏公園
875,24,47,139.370411133892,35.6054967280601,小山内裏公園
876,25,47,139.370412172248,35.6053164573215,小山内裏公園
877,26,47,139.370413210594,35.6051361865774,小山内裏公園
878,27,47,139.370414248931,35.6049559158278,小山内裏公園
879,28,47,139.370415287259,35.6047756450729,小山内裏公園
880,29,47,139.370416325578,35.6045953743125,小山内裏公園
881,30,47,139.370417363887,35.6044151035467,小山内裏公園
882,31,47,139.370418402187,35.6042348327754,小山内裏公園
883,32,47,139.370419440478,35.6040545619987,小山内裏公園
884,33,47,139.37042047876,35.6038742912166,小山内裏公園
885,34,47,139.370421517032,35.6036940204291,小山内裏公園
886,35,47,139.370422555296,35.6035137496361,小山内裏公園
887,36,47,139.37042359355,35.6033334788377,小山内裏公園
888,18,48,139.3706256461,35.6065792002041,小山内裏公園
889,19,48,139.370626684016,35.6063989294925,小山内裏公園
890,20,48,139.370627721922,35.6062186587753,小山内裏公園
891,21,48,139.37062875982,35.6060383880528,小山内裏公園
892,22,48,139.370629797708,35.6058581173248,小山内裏公園
893,23,48,139.370630835587,35.6056778465914,小山内裏公園
894,24,48,139.370631873456,35.6054975758525,小山内裏公園
895,25,48,139.370632911317,35.6053173051083,小山内裏公園
896,26,48,139.370633949168,35.6051370343586,小山内裏公園
897,27,48,139.37063498701,35.6049567636034,小山内裏公園
898,28,48,139.370636024843,35.6047764928429,小山内裏公園
899,29,48,139.370637062666,35.6045962220769,小山内裏公園
900,30,48,139.370638100481,35.6044159513054,小山内裏公園
901,31,48,139.370639138286,35.6042356805286,小山内裏公園
902,32,48,139.370640176082,35.6040554097463,小山内裏公園
903,33,48,139.370641213869,35.6038751389586,小山内裏公園
904,34,48,139.370642251646,35.6036948681654,小山内裏公園
905,18,49,139.370846388644,35.6065800476258,小山内裏公園
906,19,49,139.370847426065,35.6063997769085,小山内裏公園
907,20,49,139.370848463476,35.6062195061858,小山内裏公園
908,21,49,139.370849500879,35.6060392354577,小山内裏公園
909,22,49,139.370850538272,35.6058589647241,小山内裏公園
910,23,49,139.370851575655,35.6056786939851,小山内裏公園
911,24,49,139.37085261303,35.6054984232406,小山内裏公園
912,25,49,139.370853650395,35.6053181524907,小山内裏公園
913,26,49,139.370854687751,35.6051378817354,小山内裏公園
914,27,49,139.370855725098,35.6049576109747,小山内裏公園
915,28,49,139.370856762436,35.6047773402085,小山内裏公園
916,29,49,139.370857799765,35.6045970694369,小山内裏公園
917,30,49,139.370858837084,35.6044167986599,小山内裏公園
918,31,49,139.370859874394,35.6042365278775,小山内裏公園
919,32,49,139.370860911695,35.6040562570896,小山内裏公園
920,18,50,139.371067131198,35.6065808946431,小山内裏公園
921,19,50,139.371068168123,35.6064006239202,小山内裏公園
922,20,50,139.371069205039,35.6062203531919,小山内裏公園
923,21,50,139.371070241947,35.6060400824582,小山内裏公園
924,22,50,139.371071278844,35.605859811719,小山内裏公園
925,23,50,139.371072315733,35.6056795409744,小山内裏公園
926,24,50,139.371073352613,35.6054992702243,小山内裏公園
927,25,50,139.371074389483,35.6053189994689,小山内裏公園
928,26,50,139.371075426344,35.605138728708,小山内裏公園
929,27,50,139.371076463196,35.6049584579417,小山内裏公園
930,28,50,139.371077500038,35.6047781871699,小山内裏公園
931,29,50,139.371078536872,35.6045979163927,小山内裏公園
932,30,50,139.371079573696,35.6044176456101,小山内裏公園
933,18,51,139.37128787376,35.6065817412561,小山内裏公園
934,19,51,139.371288910191,35.6064014705276,小山内裏公園
935,20,51,139.371289946612,35.6062211997937,小山内裏公園
936,21,51,139.371290983024,35.6060409290544,小山内裏公園
937,22,51,139.371292019427,35.6058606583096,小山内裏公園
938,23,51,139.37129305582,35.6056803875594,小山内裏公園
939,24,51,139.371294092205,35.6055001168038,小山内裏公園
940,25,51,139.37129512858,35.6053198460427,小山内裏公園
941,26,51,139.371296164946,35.6051395752762,小山内裏公園
942,27,51,139.371297201303,35.6049593045043,小山内裏公園
943,28,51,139.37129823765,35.6047790337269,小山内裏公園
944,29,51,139.371299273988,35.6045987629441,小山内裏公園
945,18,52,139.371508616332,35.6065825874647,小山内裏公園
946,19,52,139.371509652267,35.6064023167306,小山内裏公園
947,20,52,139.371510688193,35.6062220459911,小山内裏公園
948,21,52,139.37151172411,35.6060417752462,小山内裏公園
949,22,52,139.371512760018,35.6058615044958,小山内裏公園
950,23,52,139.371513795916,35.6056812337401,小山内裏公園
951,24,52,139.371514831806,35.6055009629788,小山内裏公園
952,25,52,139.371515867686,35.6053206922122,小山内裏公園
953,26,52,139.371516903557,35.6051404214401,小山内裏公園
954,27,52,139.371517939418,35.6049601506626,小山内裏公園
955,28,52,139.371518975271,35.6047798798796,小山内裏公園
956,18,53,139.371729358913,35.606583433269,小山内裏公園
957,19,53,139.371730394353,35.6064031625293,小山内裏公園
958,20,53,139.371731429784,35.6062228917842,小山内裏公園
959,21,53,139.371732465206,35.6060426210337,小山内裏公園
960,22,53,139.371733500618,35.6058623502778,小山内裏公園
961,23,53,139.371734536022,35.6056820795164,小山内裏公園
962,24,53,139.371735571416,35.6055018087496,小山内裏公園
963,25,53,139.371736606801,35.6053215379773,小山内裏公園
964,26,53,139.371737642177,35.6051412671997,小山内裏公園
965,27,53,139.371738677544,35.6049609964166,小山内裏公園
966,18,54,139.371950101503,35.6065842786689,小山内裏公園
967,19,54,139.371951136448,35.6064040079237,小山内裏公園
968,20,54,139.371952171384,35.606223737173,小山内裏公園
969,21,54,139.371953206311,35.6060434664169,小山内裏公園
970,22,54,139.371954241228,35.6058631956553,小山内裏公園
971,23,54,139.371955276136,35.6056829248884,小山内裏公園
972,24,54,139.371956311036,35.605502654116,小山内裏公園
973,25,54,139.371957345925,35.6053223833382,小山内裏公園
974,26,54,139.371958380806,35.6051421125549,小山内裏公園
975,18,55,139.372170844102,35.6065851236645,小山内裏公園
976,19,55,139.372171878552,35.6064048529136,小山内裏公園
977,20,55,139.372172912993,35.6062245821574,小山内裏公園
978,21,55,139.372173947425,35.6060443113957,小山内裏公園
979,22,55,139.372174981847,35.6058640406286,小山内裏公園
980,23,55,139.37217601626,35.605683769856,小山内裏公園
981,24,55,139.372177050664,35.6055034990781,小山内裏公園
982,25,55,139.372178085059,35.6053232282947,小山内裏公園
983,18,56,139.372391586711,35.6065859682557,小山内裏公園
984,19,56,139.372392620666,35.6064056974993,小山内裏公園
985,20,56,139.372393654611,35.6062254267375,小山内裏公園
986,21,56,139.372394688548,35.6060451559702,小山内裏公園
987,22,56,139.372395722475,35.6058648851975,小山内裏公園
988,23,56,139.372396756393,35.6056846144194,小山内裏公園
989,24,56,139.372397790302,35.6055043436358,小山内裏公園
990,25,56,139.372398824202,35.6053240728468,小山内裏公園
991,26,56,139.372399858093,35.6051438020524,小山内裏公園
992,17,57,139.37261129586,35.6067670831991,小山内裏公園
993,18,57,139.372612329329,35.6065868124426,小山内裏公園
994,19,57,139.372613362788,35.6064065416806,小山内裏公園
995,20,57,139.372614396239,35.6062262709132,小山内裏公園
996,21,57,139.37261542968,35.6060460001403,小山内裏公園
997,22,57,139.372616463112,35.6058657293621,小山内裏公園
998,23,57,139.372617496535,35.6056854585784,小山内裏公園
999,24,57,139.372618529949,35.6055051877892,小山内裏公園
1000,25,57,139.372619563354,35.6053249169947,小山内裏公園
1001,26,57,139.372620596749,35.6051446461947,小山内裏公園
1002,27,57,139.372621630136,35.6049643753892,小山内裏公園
1003,16,58,139.372831005999,35.6069481977439,小山内裏公園
1004,17,58,139.372832038982,35.6067679269872,小山内裏公園
1005,18,58,139.372833071955,35.6065876562251,小山内裏公園
1006,19,58,139.37283410492,35.6064073854575,小山内裏公園
1007,20,58,139.372835137876,35.6062271146846,小山内裏公園
1008,21,58,139.372836170822,35.6060468439061,小山内裏公園
1009,22,58,139.372837203759,35.6058665731223,小山内裏公園
1010,23,58,139.372838236687,35.605686302333,小山内裏公園
1011,24,58,139.372839269606,35.6055060315383,小山内裏公園
1012,25,58,139.372840302515,35.6053257607382,小山内裏公園
1013,26,58,139.372841335416,35.6051454899326,小山内裏公園
1014,27,58,139.372842368307,35.6049652191216,小山内裏公園
1015,28,58,139.372843401189,35.6047849483052,小山内裏公園
1016,16,59,139.373051749625,35.6069490411333,小山内裏公園
1017,17,59,139.373052782113,35.606768770371,小山内裏公園
1018,18,59,139.373053814591,35.6065884996033,小山内裏公園
1019,19,59,139.373054847061,35.6064082288302,小山内裏公園
1020,20,59,139.373055879521,35.6062279580516,小山内裏公園
1021,21,59,139.373056911972,35.6060476872676,小山内裏公園
1022,22,59,139.373057944415,35.6058674164782,小山内裏公園
1023,23,59,139.373058976847,35.6056871456833,小山内裏公園
1024,24,59,139.373060009271,35.6055068748831,小山内裏公園
1025,25,59,139.373061041686,35.6053266040773,小山内裏公園
1026,26,59,139.373062074091,35.6051463332662,小山内裏公園
1027,27,59,139.373063106487,35.6049660624496,小山内裏公園
1028,28,59,139.373064138874,35.6047857916276,小山内裏公園
1029,29,59,139.373065171252,35.6046055208002,小山内裏公園
1030,16,60,139.37327249326,35.6069498841182,小山内裏公園
1031,17,60,139.373273525253,35.6067696133504,小山内裏公園
1032,18,60,139.373274557237,35.6065893425771,小山内裏公園
1033,19,60,139.373275589211,35.6064090717984,小山内裏公園
1034,20,60,139.373276621176,35.6062288010143,小山内裏公園
1035,21,60,139.373277653132,35.6060485302247,小山内裏公園
1036,22,60,139.373278685079,35.6058682594297,小山内裏公園
1037,23,60,139.373279717017,35.6056879886293,小山内裏公園
1038,24,60,139.373280748946,35.6055077178235,小山内裏公園
1039,25,60,139.373281780865,35.6053274470122,小山内裏公園
1040,26,60,139.373282812775,35.6051471761955,小山内裏公園
1041,27,60,139.373283844676,35.6049669053733,小山内裏公園
1042,28,60,139.373284876568,35.6047866345458,小山内裏公園
1043,29,60,139.373285908451,35.6046063637128,小山内裏公園
1044,16,61,139.373493236905,35.6069507266989,小山内裏公園
1045,17,61,139.373494268403,35.6067704559255,小山内裏公園
1046,18,61,139.373495299891,35.6065901851466,小山内裏公園
1047,19,61,139.37349633137,35.6064099143623,小山内裏公園
1048,20,61,139.37349736284,35.6062296435727,小山内裏公園
1049,21,61,139.373498394301,35.6060493727775,小山内裏公園
1050,22,61,139.373499425753,35.605869101977,小山内裏公園
1051,23,61,139.373500457196,35.605688831171,小山内裏公園
1052,24,61,139.373501488629,35.6055085603596,小山内裏公園
1053,25,61,139.373502520054,35.6053282895427,小山内裏公園
1054,26,61,139.373503551469,35.6051480187204,小山内裏公園
1055,27,61,139.373504582875,35.6049677478927,小山内裏公園
1056,28,61,139.373505614272,35.6047874770596,小山内裏公園
1057,29,61,139.373506645659,35.604607206221,小山内裏公園
1058,16,62,139.373713980559,35.6069515688751,小山内裏公園
1059,17,62,139.373715011561,35.6067712980961,小山内裏公園
1060,18,62,139.373716042555,35.6065910273118,小山内裏公園
1061,19,62,139.373717073539,35.6064107565219,小山内裏公園
1062,20,62,139.373718104514,35.6062304857267,小山内裏公園
1063,21,62,139.37371913548,35.606050214926,小山内裏公園
1064,22,62,139.373720166436,35.6058699441199,小山内裏公園
1065,23,62,139.373721197384,35.6056896733083,小山内裏公園
1066,24,62,139.373722228322,35.6055094024913,小山内裏公園
1067,25,62,139.373723259252,35.6053291316689,小山内裏公園
1068,26,62,139.373724290172,35.6051488608411,小山内裏公園
1069,27,62,139.373725321083,35.6049685900078,小山内裏公園
1070,28,62,139.373726351984,35.6047883191691,小山内裏公園
1071,29,62,139.373727382877,35.604608048325,小山内裏公園
1072,16,63,139.373934724222,35.606952410647,小山内裏公園
1073,17,63,139.373935754729,35.6067721398625,小山内裏公園
1074,18,63,139.373936785227,35.6065918690726,小山内裏公園
1075,19,63,139.373937815716,35.6064115982772,小山内裏公園
1076,20,63,139.373938846196,35.6062313274763,小山内裏公園
1077,21,63,139.373939876667,35.6060510566701,小山内裏公園
1078,22,63,139.373940907129,35.6058707858584,小山内裏公園
1079,23,63,139.373941937581,35.6056905150413,小山内裏公園
1080,24,63,139.373942968024,35.6055102442187,小山内裏公園
1081,25,63,139.373943998459,35.6053299733908,小山内裏公園
1082,26,63,139.373945028884,35.6051497025574,小山内裏公園
1083,27,63,139.373946059299,35.6049694317185,小山内裏公園
1084,28,63,139.373947089706,35.6047891608743,小山内裏公園
1085,29,63,139.373948120104,35.6046088900246,小山内裏公園
1086,17,64,139.374156497906,35.6067729812245,小山内裏公園
1087,18,64,139.374157527909,35.606592710429,小山内裏公園
1088,19,64,139.374158557903,35.606412439628,小山内裏公園
1089,20,64,139.374159587888,35.6062321688217,小山内裏公園
1090,21,64,139.374160617864,35.6060518980099,小山内裏公園
1091,22,64,139.37416164783,35.6058716271926,小山内裏公園
1092,23,64,139.374162677787,35.60569135637,小山内裏公園
1093,24,64,139.374163707736,35.6055110855418,小山内裏公園
1094,25,64,139.374164737675,35.6053308147083,小山内裏公園
1095,26,64,139.374165767605,35.6051505438694,小山内裏公園
1096,27,64,139.374166797525,35.604970273025,小山内裏公園
1097,28,64,139.374167827437,35.6047900021751,小山内裏公園
1098,17,65,139.374377241092,35.6067738221822,小山内裏公園
1099,18,65,139.3743782706,35.6065935513811,小山内裏公園
1100,19,65,139.374379300099,35.6064132805746,小山内裏公園
1101,20,65,139.374380329589,35.6062330097627,小山内裏公園
1102,21,65,139.374381359069,35.6060527389453,小山内裏公園
1103,22,65,139.374382388541,35.6058724681225,小山内裏公園
1104,23,65,139.374383418003,35.6056921972943,小山内裏公園
1105,24,65,139.374384447456,35.6055119264606,小山内裏公園
1106,25,65,139.3743854769,35.6053316556215,小山内裏公園
1107,26,65,139.374386506335,35.605151384777,小山内裏公園
1108,27,65,139.37438753576,35.6049711139271,小山内裏公園
1109,17,66,139.374597984287,35.6067746627355,小山内裏公園
1110,18,66,139.3745990133,35.6065943919288,小山内裏公園
1111,19,66,139.374600042304,35.6064141211168,小山内裏公園
1112,20,66,139.374601071299,35.6062338502993,小山内裏公園
1113,21,66,139.374602100284,35.6060535794764,小山内裏公園
1114,22,66,139.37460312926,35.605873308648,小山内裏公園
1115,23,66,139.374604158227,35.6056930378142,小山内裏公園
1116,24,66,139.374605187185,35.605512766975,小山内裏公園
1117,25,66,139.374606216134,35.6053324961304,小山内裏公園
1118,26,66,139.374607245074,35.6051522252803,小山内裏公園
1119,16,67,139.374817698965,35.6069557736912,小山内裏公園
1120,17,67,139.374818727492,35.6067755028844,小山内裏公園
1121,18,67,139.37481975601,35.6065952320722,小山内裏公園
1122,19,67,139.374820784518,35.6064149612546,小山内裏公園
1123,20,67,139.374821813018,35.6062346904316,小山内裏公園
1124,21,67,139.374822841508,35.6060544196031,小山内裏公園
1125,22,67,139.374823869989,35.6058741487692,小山内裏公園
1126,23,67,139.374824898461,35.6056938779299,小山内裏公園
1127,24,67,139.374825926924,35.6055136070851,小山内裏公園
1128,25,67,139.374826955378,35.6053333362349,小山内裏公園
1129,16,68,139.375038442674,35.6069566134413,小山内裏公園
1130,17,68,139.375039470705,35.606776342629,小山内裏公園
1131,18,68,139.375040498728,35.6065960718113,小山内裏公園
1132,19,68,139.375041526741,35.6064158009881,小山内裏公園
1133,20,68,139.375042554746,35.6062355301595,小山内裏公園
1134,21,68,139.375043582741,35.6060552593255,小山内裏公園
1135,22,68,139.375044610727,35.6058749884861,小山内裏公園
1136,23,68,139.375045638704,35.6056947176412,小山内裏公園
1137,24,68,139.375046666672,35.6055144467909,小山内裏公園
1138,17,69,139.375260213928,35.6067771819693,小山内裏公園
1139,18,69,139.375261241456,35.606596911146,小山内裏公園
1140,19,69,139.375262268974,35.6064166403173,小山内裏公園
